<?xml version="1.0" standalone="no" ?>
<manifest identifier="xGO3OW-a0Y6tAj4lE768sh8-FHRDFWTZZidyxE3M" version="1.3"
  xmlns="http://www.imsglobal.org/xsd/imscp_v1p1"
  xmlns:xsi="http://www.w3.org/2001/XMLSchema-instance"
  xmlns:adlcp="http://www.adlnet.org/xsd/adlcp_v1p3"
  xmlns:adlseq="http://www.adlnet.org/xsd/adlseq_v1p3"
  xmlns:imsss="http://www.imsglobal.org/xsd/imsss"
  xsi:schemaLocation="http://www.imsglobal.org/xsd/imscp_v1p1 imscp_v1p1.xsd
                      http://www.adlnet.org/xsd/adlcp_v1p3 adlcp_v1p3.xsd
                      http://www.adlnet.org/xsd/adlseq_v1p3 adlseq_v1p3.xsd
                      http://www.imsglobal.org/xsd/imsss imsss_v1p0.xsd">
  <metadata>
    <schema>ADL SCORM</schema>
    <schemaversion>2004 4th Edition</schemaversion>
    <adlcp:location>metadata.xml</adlcp:location>
  </metadata>
  <organizations default="B0">
    <organization identifier="B0" adlseq:objectivesGlobalToSystem="false">
      <title>Course Education</title>
      <item identifier="i1" identifierref="r1" isvisible="true">
        <title>Course Education</title>
        <adlcp:dataFromLMS>eyJjcHYiOiJaaWR5eEUzTSIsInJsZCI6ZmFsc2V9</adlcp:dataFromLMS>
        <imsss:sequencing>
          <imsss:deliveryControls tracked="true" completionSetByContent="true" objectiveSetByContent="true"/>
        </imsss:sequencing>
      </item>
      <metadata>
        <adlcp:location>metadata.xml</adlcp:location>
      </metadata>
      <imsss:sequencing>
        <imsss:controlMode choice="true" flow="true"/>
      </imsss:sequencing>
    </organization>
  </organizations>
  <resources>
    <resource identifier="r1" type="webcontent" adlcp:scormType="sco" href="scormdriver/indexAPI.html">
      <!-- SCORMDRIVER STUFF -->
      <file href="scormdriver/indexAPI.html" />
      <file href="scormdriver/preloadIntegrity.js" />
      <file href="scormdriver/driverOptions.js" />
      <file href="scormdriver/AICCComm.html" />
      <file href="scormdriver/auto-scripts/AutoBookmark.js" />
      <file href="scormdriver/auto-scripts/AutoCompleteSCO.js" />
      <file href="scormdriver/auto-scripts/CourseExit.js" />
      <file href="scormdriver/blank.html" />
      <file href="scormdriver/goodbye.html" />
      <file href="scormdriver/scormdriver.js" />
      <file href="scormdriver/browsersniff.js" />
      <file href="scormcontent/lib/main.bundle.js"/>

      <!-- RUNTIME COMMON STUFF -->
      <file href="scormcontent/index.html" />

      
        <file href="scormcontent/lib/fonts/icomoon.ttf"/>
        <file href="scormcontent/lib/fonts/icomoon.woff"/>

        <file href="scormcontent/lib/icomoon.css"/>
        <file href="scormcontent/lib/main.bundle.css"/>
        <file href="scormcontent/lib/player-0.0.11.min.js"/>
        <file href="scormcontent/lib/lzwcompress.js"/>
      

      <!-- RUNTIME CONTENT STUFF -->
      <file href="scormcontent/lib/fonts/Lato-Black.woff" />
<file href="scormcontent/lib/fonts/Lato-Italic.woff" />
<file href="scormcontent/lib/fonts/Lato-Bold.woff" />
<file href="scormcontent/lib/fonts/Lato-Regular.woff" />
<file href="scormcontent/lib/fonts/Lato-Light.woff" />
<file href="scormcontent/lib/fonts/Merriweather-Black.woff" />
<file href="scormcontent/lib/fonts/Merriweather-Italic.woff" />
<file href="scormcontent/lib/fonts/Merriweather-Bold.woff" />
<file href="scormcontent/lib/fonts/Merriweather-Regular.woff" />
<file href="scormcontent/lib/fonts/Merriweather-Light.woff" />
<file href="scormcontent/assets/rbc/s4InawKYICTSrJtD_NBIC-KMURPHY-NOTLIS-01.jpg" />
<file href="scormcontent/assets/rbc/cr3DrgwEjbfGuuTB_NBIC-KMURPHY-NOTLIS-01.mp4" />
<file href="scormcontent/assets/rbc/yjAKypbtF_2Jo33V_NBIC-KMURPHY-NOTLIS-01.vtt" />
<file href="scormcontent/assets/partnerContent/9ad6014c-6896-490b-a952-aa921aa47acd/1110a0e1-fae4-4067-bf07-e516d16b1e8f.png" />
<file href="scormcontent/assets/partnerContent/9ad6014c-6896-490b-a952-aa921aa47acd/b2d01c3b-9aa0-499f-9ecc-b60f0653f414.jpg" />
<file href="scormcontent/assets/partnerContent/NBIC_logo_light_bulb.png" />
<file href="scormcontent/assets/partnerContent/NBIC_logo_blue.svg" />
<file href="scormcontent/assets/0iONENTxMsAm6Nfc_small.png" />
<file href="scormcontent/assets/XucUIH1SDtCvTGpg_R84tbaf3Vl7A65wE.png" />
<file href="scormcontent/assets/XpHpvmXHP4weL5I1_quote_background.jpg" />
<file href="scormcontent/assets/THEr3q1Pju9reXBA_NBIC-KMURPHY-NOTLIS-01.jpg" />
<file href="scormcontent/assets/ngaNEzXUtBEa6de8_NBIC-KMURPHY-NOTLIS-01.m3u8" />
<file href="scormcontent/assets/MF52frLzf1DXADBt_NBIC-KMURPHY-NOTLIS-01.vtt" />
<file href="scormcontent/assets/hQ1pj_YqXh8sVrhi_c8rwwaesfP4JCTRZ.jpg" />
<file href="scormcontent/assets/xMU7_NBnGQb40T_z_zTqnkmBRrdkVDAUX.png" />
<file href="scormcontent/assets/iHG3kBPIHX04OeKH_mountains.jpg" />
<file href="scormcontent/assets/INceH8jUQjUaOMHK_16_abstract.jpg" />
<file href="scormcontent/assets/IJXtSZ3geNyHMu3p_16_abstract.jpg" />
<file href="scormcontent/assets/DxpkJ_v-fwkpXxrF_example-header-image.jpg" />

    </resource>
  </resources>
</manifest>
